video_id,title,source_url,created_at
1,Trái cây ??t ti?n th? nŕy mŕ cô ?n m?t měnh h?t ŕ,https://www.facebook.com/share/v/1E8Sj1wPgd/,6/1/2026 10:30
2,Bŕ m? cô bé c? c? ?ă thua 60 v?n s?ng c? ??i.,https://www.facebook.com/share/v/1J5jM7q3bq/,6/2/2026 14:00
3,P1 - Ai ?ă duy?t danh sách sa th?i,https://www.facebook.com/share/v/1CyDB72QKC/,6/3/2026 9:15
4,"P1 - ?ă lŕ n?m 2026 r?i, lŕm gě có chuy?n k?t hôn cňn ?ňi sinh lŕ ch??",https://www.facebook.com/share/v/1XPzP4AYWk/,6/4/2026 9:15
5,"Mů quáng vě b?nh nguy?t quang, gă t?ng tŕi khi?n con trai ru?t suýt m?t m?ng!",https://www.facebook.com/share/v/1BimA12oJp/,6/5/2026 9:15
6,"T?ng tŕi nghi ng? cô gái mang thai con měnh lŕ ?ŕo m?, ai ng? cô chính lŕ nhŕ anh nâng niu nh? báu v?t!",https://www.facebook.com/share/v/1H3X25e9Bb/,6/5/2026 9:15
7,Nó h?c bá trong phňng thě ch? l?t t? giác měnh gi?n l?m vŕ b? nó ??ng tr?i ph?i sau!,https://www.facebook.com/share/v/14i6QFA4vPG/,6/5/2026 9:15
8,Nó t?ng tŕi ngu mu?i té ngă phát hi?n ng??i ch?ng měnh luôn coi th??ng l?i chính lŕ ch?ng měnh ??ng sau t?t c?!,https://www.facebook.com/share/v/17yA23GGYD/,6/5/2026 9:15
9,"Nhŕ ch?ng cňn bá tr?ng nam khinh n?, b?t m? con gái 1 měnh sinh con vŕ cái k?t!",https://www.facebook.com/share/v/19EyketYz3/,6/5/2026 9:15
10,Có ác có phúc s?ng trong tr?ng c? ??i,https://www.facebook.com/share/v/1LCM5ngDsN/,6/5/2026 9:15
11,M??n thięn m?nh g? ra tr??c?,https://www.facebook.com/share/v/1BTvcnJacV/,6/5/2026 9:15
12,T?p 1 Thięn Tôn Tr? V? M?i N?m Huy?t H?n Nhŕ H? Di?p,https://www.facebook.com/share/v/1ENuE7f2tu/,6/5/2026 9:15
13,T?p 2 Thięn Tôn Tr? V? M?i N?m Huy?t H?n Nhŕ H? Di?p,https://www.facebook.com/share/v/176w87USLU/,6/5/2026 9:15
14,T?p 3 Thięn Tôn Tr? V? M?i N?m Huy?t H?n Nhŕ H? Di?p,https://www.facebook.com/share/v/18raqPkhPs/,6/5/2026 9:15
15,T?p 4 Thięn Tôn Tr? V? M?i N?m Huy?t H?n Nhŕ H? Di?p,https://www.facebook.com/share/v/1BStxVMeaU/,6/5/2026 9:15
16,T?p 5 Thięn Tôn Tr? V? M?i N?m Huy?t H?n Nhŕ H? Di?p,https://www.facebook.com/share/v/1BJVFJ2FWb/,6/5/2026 9:15
17,T?p 6 Thięn Tôn Tr? V? M?i N?m Huy?t H?n Nhŕ H? Di?p,https://www.facebook.com/share/v/1CwkYchibw/,6/5/2026 9:15
18,T?p 1 Quy?n Uy Sát Th?n ??ng Ch?m Vŕo Ngő Nhŕ C?a Tao!,https://www.facebook.com/share/v/1BtqmZ2Yis/,6/5/2026 9:15
19,T?p 2 Quy?n Uy Sát Th?n ??ng Ch?m Vŕo Ngő Nhŕ C?a Tao!,https://www.facebook.com/share/v/1BKiCZUakT/,6/5/2026 9:15
